Workbook

Sheet 1
A2: SUMMARY PER AY
A3: ACADEMIC YEAR | B3: TOTAL DISBURSEMENTS | C3: LIQUIDATED AMOUNT | D3: UNLIQUIDATED AMOUNT | E3: FOR ENDORSEMENT | F3: FOR COMPLIANCE | G3: %AGE OF LIQUIDATION | H3: %AGE OF FOR COMPLIANCE | I3: %AGE OF SUBMISSION
A4: 2024-2025 | B4: =SUMIFS('2'!$I:$I,'2'!$C:$C,'1'!$A4) -> 6610370 | C4: =SUMIFS('2'!$M:$M,'2'!$C:$C,'1'!$A4) -> 8000 | D4: =SUMIFS('2'!$N:$N,'2'!$C:$C,'1'!$A4) -> 6602370 | E4: =SUMIFS('2'!$N$3:$N$11,'2'!$C$3:$C$11,'1'!$A4,'2'!$V$3:$V$11,'1'!$E$3) -> 2658825 | F4: =SUMIFS('2'!$N$3:$N$11,'2'!$C$3:$C$11,'1'!$A4,'2'!$V$3:$V$11,'1'!$F$3) -> 2195235 | G4: =(E4+C4)/B4 -> 0.40343052 | H4: =F4/B4 -> 0.33208958 | I4: =(Liquidated amount)+Unliquidated amount but the document status is either "Complete Submission" or "Partial Submissiom" divided by Total Disbursements
A11: SUMMARY PER HEI
A12: SEQ | B12: NAME OF HEI | C12: TOTAL DISBURSEMENTS | D12: TOTAL AMOUNT LIQUIDATED | E12: FOR ENDORSEMENT | F12: TOTAL AMOUNT UNLIQUIDATED (net of for endorsement) | G12: FOR COMPLIANCE | H12: %AGE OF LIQUIDATION | I12: %AGE OF SUBMISSION
A13: 1 | B13: ADVENTIST COLLEGE OF TECHNOLOGY INCORPORATED | C13: =SUMIFS('2'!$I:$I,'2'!$B:$B,'1'!$B13) -> 3086055 | D13: =SUMIFS('2'!$M$3:$M$11,'2'!$B$3:$B$11,'1'!$B13) -> 0 | E13: =SUMIFS('2'!$N$3:$N$11,'2'!$B$3:$B$11,'1'!$B13,'2'!$V$3:$V$11,'1'!$E$12) -> 0 | F13: =C13-D13-E13 -> 3086055 | G13: =SUMIFS('2'!$N$3:$N$11,'2'!$B$3:$B$11,'1'!$B13,'2'!$V$3:$V$11,'1'!$G$12) -> 2195235 | H13: =(E13+D13)/C13 -> 0 | I13: =(Liquidated amount)+Unliquidated amount but the document status is either "Complete Submission" or "Partial Submissiom" divided by Total Disbursements
A14: 2 | B14: BROKENSHIRE COLLEGE OF SOCKSARGEN, INC. | C14: =SUMIFS('2'!$I:$I,'2'!$B:$B,'1'!$B14) -> 736290 | D14: =SUMIFS('2'!$M$3:$M$11,'2'!$B$3:$B$11,'1'!$B14) -> 0 | E14: =SUMIFS('2'!$N$3:$N$11,'2'!$B$3:$B$11,'1'!$B14,'2'!$V$3:$V$11,'1'!$E$12) -> 0 | F14: =C14-D14-E14 -> 736290 | G14: =SUMIFS('2'!$N$3:$N$11,'2'!$B$3:$B$11,'1'!$B14,'2'!$V$3:$V$11,'1'!$G$12) -> 0 | H14: =(E14+D14)/C14 -> 0
A15: 3 | B15: COTABATO MEDICAL FOUNDATION COLLEGE | C15: =SUMIFS('2'!$I:$I,'2'!$B:$B,'1'!$B15) -> 2788025 | D15: =SUMIFS('2'!$M$3:$M$11,'2'!$B$3:$B$11,'1'!$B15) -> 8000 | E15: =SUMIFS('2'!$N$3:$N$11,'2'!$B$3:$B$11,'1'!$B15,'2'!$V$3:$V$11,'1'!$E$12) -> 2658825 | F15: =C15-D15-E15 -> 121200 | G15: =SUMIFS('2'!$N$3:$N$11,'2'!$B$3:$B$11,'1'!$B15,'2'!$V$3:$V$11,'1'!$G$12) -> 0 | H15: =(E15+D15)/C15 -> 0.95652837

Sheet 2
O1: STATUS (INITIAL REVIEW) | X1: FOR COMPLIANCE (AFTER RC INITIAL REVIEW) | AB1: STATUS AFTER ENDORSEMENT TO ACCOUNTING
A2: # | B2: HEI Name | C2: Academic Year | D2: Semester | E2: Date Endorsed for Payment/ TES Fund Released | F2: Batch no. | G2: DV Control no. | H2: Number of Grantees | I2: Total Disbursements | J2: Amount with Complete Documents | K2: Amount Refunded | L2: Refund OR no. | M2: Total Amount Liquidated | N2: Total Unliquidated Amount | O2: Status of Documents | P2: Date of HEI's submission of Liquidation Report | Q2: Number of days Lapsed | R2: Receiver | S2: Document Location (include history to monitor transfer) | T2: Reviewed By | U2: Date Reviewed (Sample: 01/28/2025) | V2: Regional Coordinator's Note | W2: Documents for compliance | X2: Status of HEI Compliance | Y2: Date of Email of Concerns | Z2: Date of Submission of Compliance | AA2: Aging of compliance for Concerns | AB2: Status of Liquidation | AC2: Endorsed by (Regional Coordinator) | AD2: Date of Endorsement | AE2: Transmittal Reference Number | AF2: Number of Folders (Folder Location Number) | AG2: Group Transmittal | AH2: Other File Location of Endorsed Liquidation
A3: 1 | B3: COTABATO MEDICAL FOUNDATION COLLEGE | C3: 2024-2025 | D3: 1 | E3: 45915 | F3: TES-3B | G3: TES-2025-02572 | H3: 1 | I3: 8000 | J3: 8000 | M3: =J3+K3 -> 8000 | N3: =I3-M3 -> 0 | O3: Complete Submission | P3: 46026 | Q3: 30 days | R3: Aries Jake Laro | S3: Shel 1B R5 | T3: Aries Jake Laro | U3: 46026 | V3: Fully Endorsed | AB3: Fully liquidated - Endorsed to Accounting | AC3: Aries Jake Laro | AD3: 46113 | AE3: TES-2026-01210 | AF3: 2/UniFAST R12-CMFCI-File 1952 to File 1953 | AG3: Transmittal N0, 2026-0001
A4: 2 | B4: COTABATO MEDICAL FOUNDATION COLLEGE | C4: 2024-2025 | D4: 2 | E4: 45917 | F4: Batch 1 | G4: TES-2025-02596 | H4: 4 | I4: 121200 | M4: =J4+K4 -> 0 | N4: =I4-M4 -> 121200 | O4: No Submission | S4: Shel 1B R5 | AB4: Unliquidated
A5: 3 | B5: COTABATO MEDICAL FOUNDATION COLLEGE | C5: 2024-2025 | D5: 2 | E5: 45947 | F5: Batch 10-13.2 | G5: TES-2025-02613 | H5: 195 | I5: 2658825 | M5: =J5+K5 -> 0 | N5: =I5-M5 -> 2658825 | O5: Complete Submission | P5: 46026 | Q5: 10 days | R5: Aries Jake Laro | S5: Shel 1B R5 | T5: Beberly Baton | U5: 46026 | V5: FOR ENDORSEMENT | AB5: Unliquidated
A6: 4 | B6: ADVENTIST COLLEGE OF TECHNOLOGY INCORPORATED | C6: 2024-2025 | D6: 2 | E6: 45923 | F6: Batch 13 | G6: TES-2025-02583 | H6: 3 | I6: 40905 | M6: =J6+K6 -> 0 | N6: =I6-M6 -> 40905 | O6: No Submission | Q6: - 25 days | S6: Shel 1B R5 | AB6: Unliquidated
A7: 5 | B7: ADVENTIST COLLEGE OF TECHNOLOGY INCORPORATED | C7: 2024-2025 | D7: 2 | E7: 45923 | F7: Batch 10-13.2 | G7: TES-2025-02584 | H7: 161 | I7: 2195235 | M7: =J7+K7 -> 0 | N7: =I7-M7 -> 2195235 | O7: Partial Submission | P7: 46002 | Q7: - 25 days | R7: Aries Jake Laro | S7: Shel 1B R5 | T7: Jay-Arr Castillo | U7: 46002 | V7: For Compliance | W7: For Compliance: Submission of Revised FUR | X7: Pending Review by HEI | Y7: 12/15/2025 | AB7: Unliquidated
A8: 6 | B8: ADVENTIST COLLEGE OF TECHNOLOGY INCORPORATED | C8: 2024-2025 | D8: 2 | E8: 45964 | F8: Batch 1 | G8: TES-2025-02595 | H8: 15 | I8: 454500 | M8: =J8+K8 -> 0 | N8: =I8-M8 -> 454500 | O8: No Submission | Q8: - 45 days | S8: Shel 1B R5 | AB8: Unliquidated
A9: 7 | B9: ADVENTIST COLLEGE OF TECHNOLOGY INCORPORATED | C9: 2024-2025 | D9: 1 | E9: 45964 | F9: Batch 15 | G9: TES-2025-02655 | H9: 29 | I9: 395415 | M9: =J9+K9 -> 0 | N9: =I9-M9 -> 395415 | O9: No Submission | Q9: - 45 days | S9: Shel 1B R5 | AB9: Unliquidated
A10: 8 | B10: BROKENSHIRE COLLEGE OF SOCKSARGEN, INC. | C10: 2024-2025 | D10: 2 | E10: 45964 | F10: Batch 11-13.1 | G10: TES-2025-02651 | H10: 14 | I10: 190890 | M10: =J10+K10 -> 0 | N10: =I10-M10 -> 190890 | O10: No Submission | Q10: - 45 days | S10: Shel 1B R5 | AB10: Unliquidated
A11: 9 | B11: BROKENSHIRE COLLEGE OF SOCKSARGEN, INC. | C11: 2024-2025 | D11: 1 | E11: 45964 | F11: Batch 15 | G11: TES-2025-02679 | H11: 40 | I11: 545400 | M11: =J11+K11 -> 0 | N11: =I11-M11 -> 545400 | O11: No Submission | Q11: - 45 days | S11: Shel 1B R5 | AB11: Unliquidated

Sheet notes
A3: Number of days Lapsed
A5: =Date Endorsed for Payment/ TES Fund Released + 90 Days - Date of HEI's submission of Liquidation Report

Sheet list
A1: Status of Documents
A2: Complete Submission
A3: Partial Submission
A4: No Submission | B4: (Default)
A8: Receiver | B8: Reviewed by
A9: Aries Jake Laro
A10: Jay-Arr Castillo
A11: Beberly Baton
A12: Edelle Joy Villanueva
A13: Angel Mae Magbanua
A16: Document Location (include history to monitor transfer)
A17: Shel 1B R1
A18: Shel 1B R2
A19: Shel 1B R3
A20: Shel 1B R4
A21: Shel 1B R5
A23: Regional Coordinator's Note
... A48: Angel Mae Magbanua
